method,model,k,seed,accuracy,macro_f1,n_test,total_params,trainable_params,train_seconds,ms_per_image,extra,device,timestamp
zero_shot,clip_vitb16,0,0,0.367,0.3474,2000,149620737,0,0.0,2.803,"{""pretrained"": true, ""templates"": 6}",Tesla T4,2026-09-30 20:09:40
zero_shot,siglip2_vitb16,0,0,0.4765,0.42007,2000,375187970,0,0.0,2.438,"{""pretrained"": true, ""templates"": 6}",Tesla T4,2026-09-30 20:09:49
zero_shot,remoteclip_vitb32,0,0,0.377,0.34897,2000,151277313,0,0.0,0.777,"{""pretrained"": true, ""templates"": 6}",Tesla T4,2026-09-30 20:09:53
linear_probe,resnet50_in1k,1,0,0.5275,0.52215,2000,23528522,20490,0.15,1.035,"{""C"": 10.0, ""n_train"": 10, ""pretrained"": true}",Tesla T4,2026-09-30 20:10:00
linear_probe,resnet50_in1k,1,1,0.4545,0.40508,2000,23528522,20490,0.1,1.035,"{""C"": 10.0, ""n_train"": 10, ""pretrained"": true}",Tesla T4,2026-09-30 20:10:00
linear_probe,resnet50_in1k,1,2,0.508,0.47824,2000,23528522,20490,0.09,1.035,"{""C"": 10.0, ""n_train"": 10, ""pretrained"": true}",Tesla T4,2026-09-30 20:10:00
linear_probe,resnet50_in1k,5,0,0.75,0.73794,2000,23528522,20490,3.98,1.035,"{""C"": 1.0, ""n_train"": 50, ""pretrained"": true}",Tesla T4,2026-09-30 20:10:04
linear_probe,resnet50_in1k,5,1,0.684,0.65985,2000,23528522,20490,1.23,1.035,"{""C"": 1.0, ""n_train"": 50, ""pretrained"": true}",Tesla T4,2026-09-30 20:10:06
linear_probe,resnet50_in1k,5,2,0.7455,0.73965,2000,23528522,20490,1.26,1.035,"{""C"": 10.0, ""n_train"": 50, ""pretrained"": true}",Tesla T4,2026-09-30 20:10:07
linear_probe,resnet50_in1k,10,0,0.8205,0.81709,2000,23528522,20490,1.5,1.035,"{""C"": 10.0, ""n_train"": 100, ""pretrained"": true}",Tesla T4,2026-09-30 20:10:08
linear_probe,resnet50_in1k,10,1,0.792,0.78688,2000,23528522,20490,1.48,1.035,"{""C"": 100.0, ""n_train"": 100, ""pretrained"": true}",Tesla T4,2026-09-30 20:10:10
linear_probe,resnet50_in1k,10,2,0.781,0.77272,2000,23528522,20490,1.21,1.035,"{""C"": 1.0, ""n_train"": 100, ""pretrained"": true}",Tesla T4,2026-09-30 20:10:11
linear_probe,resnet50_in1k,50,0,0.908,0.90807,2000,23528522,20490,4.3,1.035,"{""C"": 100.0, ""n_train"": 500, ""pretrained"": true}",Tesla T4,2026-09-30 20:10:16
linear_probe,resnet50_in1k,50,1,0.901,0.90075,2000,23528522,20490,4.83,1.035,"{""C"": 10.0, ""n_train"": 500, ""pretrained"": true}",Tesla T4,2026-09-30 20:10:20
linear_probe,resnet50_in1k,50,2,0.905,0.90483,2000,23528522,20490,3.57,1.035,"{""C"": 100.0, ""n_train"": 500, ""pretrained"": true}",Tesla T4,2026-09-30 20:10:24
linear_probe,resnet50_in1k,100,0,0.921,0.92095,2000,23528522,20490,8.87,1.035,"{""C"": 10.0, ""n_train"": 1000, ""pretrained"": true}",Tesla T4,2026-09-30 20:10:33
linear_probe,resnet50_in1k,100,1,0.915,0.91495,2000,23528522,20490,6.87,1.035,"{""C"": 100.0, ""n_train"": 1000, ""pretrained"": true}",Tesla T4,2026-09-30 20:10:40
linear_probe,resnet50_in1k,100,2,0.9235,0.92321,2000,23528522,20490,8.64,1.035,"{""C"": 10.0, ""n_train"": 1000, ""pretrained"": true}",Tesla T4,2026-09-30 20:10:49
linear_probe,resnet50_in1k,500,0,0.9455,0.94544,2000,23528522,20490,46.51,1.035,"{""C"": 100.0, ""n_train"": 5000, ""pretrained"": true}",Tesla T4,2026-09-30 20:11:35
linear_probe,resnet50_in1k,500,1,0.949,0.94909,2000,23528522,20490,42.74,1.035,"{""C"": 100.0, ""n_train"": 5000, ""pretrained"": true}",Tesla T4,2026-09-30 20:12:18
linear_probe,resnet50_in1k,500,2,0.9445,0.94461,2000,23528522,20490,44.34,1.035,"{""C"": 100.0, ""n_train"": 5000, ""pretrained"": true}",Tesla T4,2026-09-30 20:13:02
linear_probe,dinov3_vitb16_web,1,0,0.5825,0.5982,2000,85648906,7690,0.03,3.231,"{""C"": 10.0, ""n_train"": 10, ""pretrained"": true}",Tesla T4,2026-09-30 20:13:03
linear_probe,dinov3_vitb16_web,1,1,0.589,0.56571,2000,85648906,7690,0.07,3.231,"{""C"": 10.0, ""n_train"": 10, ""pretrained"": true}",Tesla T4,2026-09-30 20:13:03
linear_probe,dinov3_vitb16_web,1,2,0.6225,0.60962,2000,85648906,7690,0.07,3.231,"{""C"": 10.0, ""n_train"": 10, ""pretrained"": true}",Tesla T4,2026-09-30 20:13:03
linear_probe,dinov3_vitb16_web,5,0,0.847,0.84387,2000,85648906,7690,0.75,3.231,"{""C"": 10.0, ""n_train"": 50, ""pretrained"": true}",Tesla T4,2026-09-30 20:13:04
linear_probe,dinov3_vitb16_web,5,1,0.8395,0.83717,2000,85648906,7690,0.63,3.231,"{""C"": 10.0, ""n_train"": 50, ""pretrained"": true}",Tesla T4,2026-09-30 20:13:04
linear_probe,dinov3_vitb16_web,5,2,0.8415,0.84025,2000,85648906,7690,0.45,3.231,"{""C"": 10.0, ""n_train"": 50, ""pretrained"": true}",Tesla T4,2026-09-30 20:13:05
linear_probe,dinov3_vitb16_web,10,0,0.883,0.8823,2000,85648906,7690,0.61,3.231,"{""C"": 100.0, ""n_train"": 100, ""pretrained"": true}",Tesla T4,2026-09-30 20:13:05
linear_probe,dinov3_vitb16_web,10,1,0.886,0.88561,2000,85648906,7690,0.56,3.231,"{""C"": 10.0, ""n_train"": 100, ""pretrained"": true}",Tesla T4,2026-09-30 20:13:06
linear_probe,dinov3_vitb16_web,10,2,0.8885,0.88836,2000,85648906,7690,0.56,3.231,"{""C"": 10.0, ""n_train"": 100, ""pretrained"": true}",Tesla T4,2026-09-30 20:13:07
linear_probe,dinov3_vitb16_web,50,0,0.9405,0.94046,2000,85648906,7690,1.67,3.231,"{""C"": 100.0, ""n_train"": 500, ""pretrained"": true}",Tesla T4,2026-09-30 20:13:08
linear_probe,dinov3_vitb16_web,50,1,0.9305,0.93063,2000,85648906,7690,1.44,3.231,"{""C"": 10.0, ""n_train"": 500, ""pretrained"": true}",Tesla T4,2026-09-30 20:13:10
linear_probe,dinov3_vitb16_web,50,2,0.9285,0.92854,2000,85648906,7690,1.78,3.231,"{""C"": 100.0, ""n_train"": 500, ""pretrained"": true}",Tesla T4,2026-09-30 20:13:12
linear_probe,dinov3_vitb16_web,100,0,0.945,0.94503,2000,85648906,7690,2.64,3.231,"{""C"": 100.0, ""n_train"": 1000, ""pretrained"": true}",Tesla T4,2026-09-30 20:13:14
linear_probe,dinov3_vitb16_web,100,1,0.9465,0.94653,2000,85648906,7690,4.07,3.231,"{""C"": 10.0, ""n_train"": 1000, ""pretrained"": true}",Tesla T4,2026-09-30 20:13:18
linear_probe,dinov3_vitb16_web,100,2,0.94,0.93999,2000,85648906,7690,2.7,3.231,"{""C"": 10.0, ""n_train"": 1000, ""pretrained"": true}",Tesla T4,2026-09-30 20:13:21
linear_probe,dinov3_vitb16_web,500,0,0.9625,0.9625,2000,85648906,7690,15.53,3.231,"{""C"": 100.0, ""n_train"": 5000, ""pretrained"": true}",Tesla T4,2026-09-30 20:13:37
linear_probe,dinov3_vitb16_web,500,1,0.96,0.96002,2000,85648906,7690,17.18,3.231,"{""C"": 100.0, ""n_train"": 5000, ""pretrained"": true}",Tesla T4,2026-09-30 20:13:54
linear_probe,dinov3_vitb16_web,500,2,0.9635,0.96346,2000,85648906,7690,15.18,3.231,"{""C"": 100.0, ""n_train"": 5000, ""pretrained"": true}",Tesla T4,2026-09-30 20:14:09
linear_probe,dinov3_vitl16_web,1,0,0.6615,0.65116,2000,303089674,10250,0.07,9.996,"{""C"": 10.0, ""n_train"": 10, ""pretrained"": true}",Tesla T4,2026-09-30 20:14:09
linear_probe,dinov3_vitl16_web,1,1,0.5695,0.54299,2000,303089674,10250,0.15,9.996,"{""C"": 10.0, ""n_train"": 10, ""pretrained"": true}",Tesla T4,2026-09-30 20:14:10
linear_probe,dinov3_vitl16_web,1,2,0.6695,0.64969,2000,303089674,10250,0.17,9.996,"{""C"": 10.0, ""n_train"": 10, ""pretrained"": true}",Tesla T4,2026-09-30 20:14:10
linear_probe,dinov3_vitl16_web,5,0,0.866,0.86672,2000,303089674,10250,1.95,9.996,"{""C"": 10.0, ""n_train"": 50, ""pretrained"": true}",Tesla T4,2026-09-30 20:14:12
linear_probe,dinov3_vitl16_web,5,1,0.8765,0.87855,2000,303089674,10250,1.27,9.996,"{""C"": 100.0, ""n_train"": 50, ""pretrained"": true}",Tesla T4,2026-09-30 20:14:13
linear_probe,dinov3_vitl16_web,5,2,0.853,0.85218,2000,303089674,10250,0.57,9.996,"{""C"": 1.0, ""n_train"": 50, ""pretrained"": true}",Tesla T4,2026-09-30 20:14:14
linear_probe,dinov3_vitl16_web,10,0,0.903,0.90428,2000,303089674,10250,0.97,9.996,"{""C"": 10.0, ""n_train"": 100, ""pretrained"": true}",Tesla T4,2026-09-30 20:14:15
linear_probe,dinov3_vitl16_web,10,1,0.922,0.92225,2000,303089674,10250,0.76,9.996,"{""C"": 100.0, ""n_train"": 100, ""pretrained"": true}",Tesla T4,2026-09-30 20:14:15
linear_probe,dinov3_vitl16_web,10,2,0.9255,0.92578,2000,303089674,10250,1.16,9.996,"{""C"": 10.0, ""n_train"": 100, ""pretrained"": true}",Tesla T4,2026-09-30 20:14:17
linear_probe,dinov3_vitl16_web,50,0,0.951,0.95097,2000,303089674,10250,2.25,9.996,"{""C"": 100.0, ""n_train"": 500, ""pretrained"": true}",Tesla T4,2026-09-30 20:14:19
linear_probe,dinov3_vitl16_web,50,1,0.944,0.94408,2000,303089674,10250,1.87,9.996,"{""C"": 10.0, ""n_train"": 500, ""pretrained"": true}",Tesla T4,2026-09-30 20:14:21
linear_probe,dinov3_vitl16_web,50,2,0.9425,0.94267,2000,303089674,10250,1.99,9.996,"{""C"": 100.0, ""n_train"": 500, ""pretrained"": true}",Tesla T4,2026-09-30 20:14:23
linear_probe,dinov3_vitl16_web,100,0,0.954,0.95404,2000,303089674,10250,5.48,9.996,"{""C"": 100.0, ""n_train"": 1000, ""pretrained"": true}",Tesla T4,2026-09-30 20:14:28
linear_probe,dinov3_vitl16_web,100,1,0.9585,0.95856,2000,303089674,10250,3.4,9.996,"{""C"": 100.0, ""n_train"": 1000, ""pretrained"": true}",Tesla T4,2026-09-30 20:14:32
linear_probe,dinov3_vitl16_web,100,2,0.9515,0.95158,2000,303089674,10250,3.52,9.996,"{""C"": 100.0, ""n_train"": 1000, ""pretrained"": true}",Tesla T4,2026-09-30 20:14:35
linear_probe,dinov3_vitl16_web,500,0,0.9665,0.96647,2000,303089674,10250,23.87,9.996,"{""C"": 100.0, ""n_train"": 5000, ""pretrained"": true}",Tesla T4,2026-09-30 20:14:59
linear_probe,dinov3_vitl16_web,500,1,0.972,0.97197,2000,303089674,10250,24.23,9.996,"{""C"": 100.0, ""n_train"": 5000, ""pretrained"": true}",Tesla T4,2026-09-30 20:15:23
linear_probe,dinov3_vitl16_web,500,2,0.9655,0.96557,2000,303089674,10250,21.29,9.996,"{""C"": 100.0, ""n_train"": 5000, ""pretrained"": true}",Tesla T4,2026-09-30 20:15:45
linear_probe,dinov3_vitl16_sat,1,0,0.596,0.59703,2000,303089674,10250,0.16,9.957,"{""C"": 10.0, ""n_train"": 10, ""pretrained"": true}",Tesla T4,2026-09-30 20:15:45
linear_probe,dinov3_vitl16_sat,1,1,0.5695,0.55539,2000,303089674,10250,0.1,9.957,"{""C"": 10.0, ""n_train"": 10, ""pretrained"": true}",Tesla T4,2026-09-30 20:15:45
linear_probe,dinov3_vitl16_sat,1,2,0.5575,0.54431,2000,303089674,10250,0.07,9.957,"{""C"": 10.0, ""n_train"": 10, ""pretrained"": true}",Tesla T4,2026-09-30 20:15:46
linear_probe,dinov3_vitl16_sat,5,0,0.787,0.78473,2000,303089674,10250,1.61,9.957,"{""C"": 10.0, ""n_train"": 50, ""pretrained"": true}",Tesla T4,2026-09-30 20:15:47
linear_probe,dinov3_vitl16_sat,5,1,0.7605,0.75828,2000,303089674,10250,2.17,9.957,"{""C"": 10.0, ""n_train"": 50, ""pretrained"": true}",Tesla T4,2026-09-30 20:15:49
linear_probe,dinov3_vitl16_sat,5,2,0.7915,0.78913,2000,303089674,10250,0.74,9.957,"{""C"": 100.0, ""n_train"": 50, ""pretrained"": true}",Tesla T4,2026-09-30 20:15:50
linear_probe,dinov3_vitl16_sat,10,0,0.8535,0.8513,2000,303089674,10250,1.04,9.957,"{""C"": 100.0, ""n_train"": 100, ""pretrained"": true}",Tesla T4,2026-09-30 20:15:51
linear_probe,dinov3_vitl16_sat,10,1,0.8475,0.84673,2000,303089674,10250,0.88,9.957,"{""C"": 10.0, ""n_train"": 100, ""pretrained"": true}",Tesla T4,2026-09-30 20:15:52
linear_probe,dinov3_vitl16_sat,10,2,0.871,0.87009,2000,303089674,10250,0.95,9.957,"{""C"": 100.0, ""n_train"": 100, ""pretrained"": true}",Tesla T4,2026-09-30 20:15:53
linear_probe,dinov3_vitl16_sat,50,0,0.931,0.93085,2000,303089674,10250,2.37,9.957,"{""C"": 100.0, ""n_train"": 500, ""pretrained"": true}",Tesla T4,2026-09-30 20:15:55
linear_probe,dinov3_vitl16_sat,50,1,0.927,0.92692,2000,303089674,10250,2.43,9.957,"{""C"": 100.0, ""n_train"": 500, ""pretrained"": true}",Tesla T4,2026-09-30 20:15:58
linear_probe,dinov3_vitl16_sat,50,2,0.932,0.93179,2000,303089674,10250,4.73,9.957,"{""C"": 100.0, ""n_train"": 500, ""pretrained"": true}",Tesla T4,2026-09-30 20:16:03
linear_probe,dinov3_vitl16_sat,100,0,0.9335,0.93326,2000,303089674,10250,4.35,9.957,"{""C"": 100.0, ""n_train"": 1000, ""pretrained"": true}",Tesla T4,2026-09-30 20:16:07
linear_probe,dinov3_vitl16_sat,100,1,0.9405,0.94053,2000,303089674,10250,4.12,9.957,"{""C"": 100.0, ""n_train"": 1000, ""pretrained"": true}",Tesla T4,2026-09-30 20:16:11
linear_probe,dinov3_vitl16_sat,100,2,0.949,0.94897,2000,303089674,10250,6.02,9.957,"{""C"": 100.0, ""n_train"": 1000, ""pretrained"": true}",Tesla T4,2026-09-30 20:16:17
linear_probe,dinov3_vitl16_sat,500,0,0.9625,0.96243,2000,303089674,10250,29.28,9.957,"{""C"": 100.0, ""n_train"": 5000, ""pretrained"": true}",Tesla T4,2026-09-30 20:16:47
linear_probe,dinov3_vitl16_sat,500,1,0.9635,0.9634,2000,303089674,10250,26.76,9.957,"{""C"": 100.0, ""n_train"": 5000, ""pretrained"": true}",Tesla T4,2026-09-30 20:17:13
linear_probe,dinov3_vitl16_sat,500,2,0.967,0.96697,2000,303089674,10250,25.7,9.957,"{""C"": 100.0, ""n_train"": 5000, ""pretrained"": true}",Tesla T4,2026-09-30 20:17:39
linear_probe,clip_vitb16,1,0,0.512,0.51503,2000,149625867,5130,0.02,2.803,"{""C"": 10.0, ""n_train"": 10, ""pretrained"": true}",Tesla T4,2026-09-30 20:17:39
linear_probe,clip_vitb16,1,1,0.3525,0.32634,2000,149625867,5130,0.02,2.803,"{""C"": 10.0, ""n_train"": 10, ""pretrained"": true}",Tesla T4,2026-09-30 20:17:39
linear_probe,clip_vitb16,1,2,0.4565,0.4369,2000,149625867,5130,0.02,2.803,"{""C"": 10.0, ""n_train"": 10, ""pretrained"": true}",Tesla T4,2026-09-30 20:17:39
linear_probe,clip_vitb16,5,0,0.705,0.70413,2000,149625867,5130,0.49,2.803,"{""C"": 100.0, ""n_train"": 50, ""pretrained"": true}",Tesla T4,2026-09-30 20:17:40
linear_probe,clip_vitb16,5,1,0.7145,0.69958,2000,149625867,5130,0.51,2.803,"{""C"": 100.0, ""n_train"": 50, ""pretrained"": true}",Tesla T4,2026-09-30 20:17:40
linear_probe,clip_vitb16,5,2,0.6945,0.691,2000,149625867,5130,0.45,2.803,"{""C"": 10.0, ""n_train"": 50, ""pretrained"": true}",Tesla T4,2026-09-30 20:17:41
linear_probe,clip_vitb16,10,0,0.7405,0.73928,2000,149625867,5130,0.57,2.803,"{""C"": 10.0, ""n_train"": 100, ""pretrained"": true}",Tesla T4,2026-09-30 20:17:41
linear_probe,clip_vitb16,10,1,0.782,0.77811,2000,149625867,5130,0.65,2.803,"{""C"": 100.0, ""n_train"": 100, ""pretrained"": true}",Tesla T4,2026-09-30 20:17:42
linear_probe,clip_vitb16,10,2,0.755,0.75574,2000,149625867,5130,0.56,2.803,"{""C"": 10.0, ""n_train"": 100, ""pretrained"": true}",Tesla T4,2026-09-30 20:17:43
linear_probe,clip_vitb16,50,0,0.874,0.87366,2000,149625867,5130,1.96,2.803,"{""C"": 100.0, ""n_train"": 500, ""pretrained"": true}",Tesla T4,2026-09-30 20:17:45
linear_probe,clip_vitb16,50,1,0.8805,0.87977,2000,149625867,5130,1.88,2.803,"{""C"": 100.0, ""n_train"": 500, ""pretrained"": true}",Tesla T4,2026-09-30 20:17:47
linear_probe,clip_vitb16,50,2,0.87,0.87004,2000,149625867,5130,2.22,2.803,"{""C"": 100.0, ""n_train"": 500, ""pretrained"": true}",Tesla T4,2026-09-30 20:17:49
linear_probe,clip_vitb16,100,0,0.902,0.90192,2000,149625867,5130,4.96,2.803,"{""C"": 100.0, ""n_train"": 1000, ""pretrained"": true}",Tesla T4,2026-09-30 20:17:54
linear_probe,clip_vitb16,100,1,0.915,0.91495,2000,149625867,5130,3.54,2.803,"{""C"": 100.0, ""n_train"": 1000, ""pretrained"": true}",Tesla T4,2026-09-30 20:17:57
linear_probe,clip_vitb16,100,2,0.899,0.89915,2000,149625867,5130,3.26,2.803,"{""C"": 100.0, ""n_train"": 1000, ""pretrained"": true}",Tesla T4,2026-09-30 20:18:01
linear_probe,clip_vitb16,500,0,0.942,0.94208,2000,149625867,5130,22.23,2.803,"{""C"": 100.0, ""n_train"": 5000, ""pretrained"": true}",Tesla T4,2026-09-30 20:18:23
linear_probe,clip_vitb16,500,1,0.9375,0.93764,2000,149625867,5130,21.25,2.803,"{""C"": 100.0, ""n_train"": 5000, ""pretrained"": true}",Tesla T4,2026-09-30 20:18:44
linear_probe,clip_vitb16,500,2,0.9395,0.93951,2000,149625867,5130,21.97,2.803,"{""C"": 100.0, ""n_train"": 5000, ""pretrained"": true}",Tesla T4,2026-09-30 20:19:06
linear_probe,siglip2_vitb16,1,0,0.597,0.59415,2000,375195660,7690,0.02,2.438,"{""C"": 10.0, ""n_train"": 10, ""pretrained"": true}",Tesla T4,2026-09-30 20:19:06
linear_probe,siglip2_vitb16,1,1,0.5405,0.50805,2000,375195660,7690,0.04,2.438,"{""C"": 10.0, ""n_train"": 10, ""pretrained"": true}",Tesla T4,2026-09-30 20:19:06
linear_probe,siglip2_vitb16,1,2,0.433,0.40892,2000,375195660,7690,0.04,2.438,"{""C"": 10.0, ""n_train"": 10, ""pretrained"": true}",Tesla T4,2026-09-30 20:19:06
linear_probe,siglip2_vitb16,5,0,0.795,0.7955,2000,375195660,7690,0.56,2.438,"{""C"": 100.0, ""n_train"": 50, ""pretrained"": true}",Tesla T4,2026-09-30 20:19:07
linear_probe,siglip2_vitb16,5,1,0.805,0.79943,2000,375195660,7690,0.56,2.438,"{""C"": 100.0, ""n_train"": 50, ""pretrained"": true}",Tesla T4,2026-09-30 20:19:08
linear_probe,siglip2_vitb16,5,2,0.7895,0.79012,2000,375195660,7690,0.53,2.438,"{""C"": 100.0, ""n_train"": 50, ""pretrained"": true}",Tesla T4,2026-09-30 20:19:08
linear_probe,siglip2_vitb16,10,0,0.842,0.84246,2000,375195660,7690,0.71,2.438,"{""C"": 100.0, ""n_train"": 100, ""pretrained"": true}",Tesla T4,2026-09-30 20:19:09
linear_probe,siglip2_vitb16,10,1,0.8535,0.85328,2000,375195660,7690,0.66,2.438,"{""C"": 100.0, ""n_train"": 100, ""pretrained"": true}",Tesla T4,2026-09-30 20:19:10
linear_probe,siglip2_vitb16,10,2,0.8415,0.84198,2000,375195660,7690,0.69,2.438,"{""C"": 100.0, ""n_train"": 100, ""pretrained"": true}",Tesla T4,2026-09-30 20:19:10
linear_probe,siglip2_vitb16,50,0,0.919,0.91904,2000,375195660,7690,3.5,2.438,"{""C"": 100.0, ""n_train"": 500, ""pretrained"": true}",Tesla T4,2026-09-30 20:19:14
linear_probe,siglip2_vitb16,50,1,0.914,0.91381,2000,375195660,7690,2.78,2.438,"{""C"": 100.0, ""n_train"": 500, ""pretrained"": true}",Tesla T4,2026-09-30 20:19:17
linear_probe,siglip2_vitb16,50,2,0.9035,0.90341,2000,375195660,7690,2.43,2.438,"{""C"": 100.0, ""n_train"": 500, ""pretrained"": true}",Tesla T4,2026-09-30 20:19:19
linear_probe,siglip2_vitb16,100,0,0.929,0.92908,2000,375195660,7690,3.78,2.438,"{""C"": 100.0, ""n_train"": 1000, ""pretrained"": true}",Tesla T4,2026-09-30 20:19:23
linear_probe,siglip2_vitb16,100,1,0.9305,0.93045,2000,375195660,7690,5.65,2.438,"{""C"": 100.0, ""n_train"": 1000, ""pretrained"": true}",Tesla T4,2026-09-30 20:19:29
linear_probe,siglip2_vitb16,100,2,0.9285,0.92846,2000,375195660,7690,4.08,2.438,"{""C"": 100.0, ""n_train"": 1000, ""pretrained"": true}",Tesla T4,2026-09-30 20:19:33
linear_probe,siglip2_vitb16,500,0,0.956,0.95603,2000,375195660,7690,24.41,2.438,"{""C"": 100.0, ""n_train"": 5000, ""pretrained"": true}",Tesla T4,2026-09-30 20:19:57
linear_probe,siglip2_vitb16,500,1,0.9545,0.95447,2000,375195660,7690,26.57,2.438,"{""C"": 100.0, ""n_train"": 5000, ""pretrained"": true}",Tesla T4,2026-09-30 20:20:24
linear_probe,siglip2_vitb16,500,2,0.951,0.95108,2000,375195660,7690,23.17,2.438,"{""C"": 100.0, ""n_train"": 5000, ""pretrained"": true}",Tesla T4,2026-09-30 20:20:47
linear_probe,remoteclip_vitb32,1,0,0.646,0.6422,2000,151282443,5130,0.02,0.777,"{""C"": 10.0, ""n_train"": 10, ""pretrained"": true}",Tesla T4,2026-09-30 20:20:47
linear_probe,remoteclip_vitb32,1,1,0.5335,0.50403,2000,151282443,5130,0.06,0.777,"{""C"": 10.0, ""n_train"": 10, ""pretrained"": true}",Tesla T4,2026-09-30 20:20:47
linear_probe,remoteclip_vitb32,1,2,0.642,0.62783,2000,151282443,5130,0.09,0.777,"{""C"": 10.0, ""n_train"": 10, ""pretrained"": true}",Tesla T4,2026-09-30 20:20:47
linear_probe,remoteclip_vitb32,5,0,0.7785,0.77239,2000,151282443,5130,0.64,0.777,"{""C"": 1.0, ""n_train"": 50, ""pretrained"": true}",Tesla T4,2026-09-30 20:20:48
linear_probe,remoteclip_vitb32,5,1,0.8085,0.80661,2000,151282443,5130,0.78,0.777,"{""C"": 100.0, ""n_train"": 50, ""pretrained"": true}",Tesla T4,2026-09-30 20:20:49
linear_probe,remoteclip_vitb32,5,2,0.812,0.81236,2000,151282443,5130,0.7,0.777,"{""C"": 100.0, ""n_train"": 50, ""pretrained"": true}",Tesla T4,2026-09-30 20:20:49
linear_probe,remoteclip_vitb32,10,0,0.8725,0.87217,2000,151282443,5130,0.85,0.777,"{""C"": 100.0, ""n_train"": 100, ""pretrained"": true}",Tesla T4,2026-09-30 20:20:50
linear_probe,remoteclip_vitb32,10,1,0.871,0.87001,2000,151282443,5130,0.55,0.777,"{""C"": 100.0, ""n_train"": 100, ""pretrained"": true}",Tesla T4,2026-09-30 20:20:51
linear_probe,remoteclip_vitb32,10,2,0.845,0.84471,2000,151282443,5130,0.5,0.777,"{""C"": 10.0, ""n_train"": 100, ""pretrained"": true}",Tesla T4,2026-09-30 20:20:51
linear_probe,remoteclip_vitb32,50,0,0.913,0.91276,2000,151282443,5130,1.67,0.777,"{""C"": 100.0, ""n_train"": 500, ""pretrained"": true}",Tesla T4,2026-09-30 20:20:53
linear_probe,remoteclip_vitb32,50,1,0.912,0.91136,2000,151282443,5130,1.61,0.777,"{""C"": 100.0, ""n_train"": 500, ""pretrained"": true}",Tesla T4,2026-09-30 20:20:55
linear_probe,remoteclip_vitb32,50,2,0.914,0.91393,2000,151282443,5130,1.44,0.777,"{""C"": 100.0, ""n_train"": 500, ""pretrained"": true}",Tesla T4,2026-09-30 20:20:56
linear_probe,remoteclip_vitb32,100,0,0.9235,0.92349,2000,151282443,5130,2.63,0.777,"{""C"": 100.0, ""n_train"": 1000, ""pretrained"": true}",Tesla T4,2026-09-30 20:20:59
linear_probe,remoteclip_vitb32,100,1,0.929,0.92867,2000,151282443,5130,4.0,0.777,"{""C"": 100.0, ""n_train"": 1000, ""pretrained"": true}",Tesla T4,2026-09-30 20:21:03
linear_probe,remoteclip_vitb32,100,2,0.9315,0.93136,2000,151282443,5130,2.69,0.777,"{""C"": 100.0, ""n_train"": 1000, ""pretrained"": true}",Tesla T4,2026-09-30 20:21:06
linear_probe,remoteclip_vitb32,500,0,0.9455,0.94554,2000,151282443,5130,15.39,0.777,"{""C"": 100.0, ""n_train"": 5000, ""pretrained"": true}",Tesla T4,2026-09-30 20:21:21
linear_probe,remoteclip_vitb32,500,1,0.9495,0.94955,2000,151282443,5130,15.13,0.777,"{""C"": 100.0, ""n_train"": 5000, ""pretrained"": true}",Tesla T4,2026-09-30 20:21:36
linear_probe,remoteclip_vitb32,500,2,0.951,0.9509,2000,151282443,5130,14.19,0.777,"{""C"": 100.0, ""n_train"": 5000, ""pretrained"": true}",Tesla T4,2026-09-30 20:21:50
linear_probe,dinov3_vitl16_sat,all,0,0.9755,0.97548,2000,303089674,10250,152.35,9.957,"{""C"": 100.0, ""n_train"": 25000, ""pretrained"": true}",Tesla T4,2026-09-30 20:24:30
scratch,resnet18_scratch,1,0,0.2655,0.24667,2000,11181642,11181642,10.19,0.093,"{""bs"": 64, ""epochs"": 100, ""lora_rank"": null, ""lr"": 0.002, ""max_steps"": 3000, ""min_steps"": 500, ""n_train"": 10, ""wd"": 0.0005}",Tesla T4,2026-09-30 20:27:29
scratch,resnet18_scratch,1,1,0.292,0.30543,2000,11181642,11181642,9.05,0.035,"{""bs"": 64, ""epochs"": 100, ""lora_rank"": null, ""lr"": 0.002, ""max_steps"": 3000, ""min_steps"": 500, ""n_train"": 10, ""wd"": 0.0005}",Tesla T4,2026-09-30 20:27:48
scratch,resnet18_scratch,1,2,0.3535,0.34804,2000,11181642,11181642,8.6,0.036,"{""bs"": 64, ""epochs"": 100, ""lora_rank"": null, ""lr"": 0.002, ""max_steps"": 3000, ""min_steps"": 500, ""n_train"": 10, ""wd"": 0.0005}",Tesla T4,2026-09-30 20:28:06
scratch,resnet18_scratch,5,0,0.5055,0.51091,2000,11181642,11181642,9.38,0.036,"{""bs"": 64, ""epochs"": 100, ""lora_rank"": null, ""lr"": 0.002, ""max_steps"": 3000, ""min_steps"": 500, ""n_train"": 50, ""wd"": 0.0005}",Tesla T4,2026-09-30 20:28:25
scratch,resnet18_scratch,5,1,0.5495,0.52456,2000,11181642,11181642,8.91,0.036,"{""bs"": 64, ""epochs"": 100, ""lora_rank"": null, ""lr"": 0.002, ""max_steps"": 3000, ""min_steps"": 500, ""n_train"": 50, ""wd"": 0.0005}",Tesla T4,2026-09-30 20:28:43
scratch,resnet18_scratch,5,2,0.5525,0.54783,2000,11181642,11181642,9.22,0.037,"{""bs"": 64, ""epochs"": 100, ""lora_rank"": null, ""lr"": 0.002, ""max_steps"": 3000, ""min_steps"": 500, ""n_train"": 50, ""wd"": 0.0005}",Tesla T4,2026-09-30 20:29:01
scratch,resnet18_scratch,10,0,0.586,0.57634,2000,11181642,11181642,9.27,0.037,"{""bs"": 64, ""epochs"": 100, ""lora_rank"": null, ""lr"": 0.002, ""max_steps"": 3000, ""min_steps"": 500, ""n_train"": 100, ""wd"": 0.0005}",Tesla T4,2026-09-30 20:29:18
scratch,resnet18_scratch,10,1,0.6315,0.62293,2000,11181642,11181642,9.26,0.037,"{""bs"": 64, ""epochs"": 100, ""lora_rank"": null, ""lr"": 0.002, ""max_steps"": 3000, ""min_steps"": 500, ""n_train"": 100, ""wd"": 0.0005}",Tesla T4,2026-09-30 20:29:37
scratch,resnet18_scratch,10,2,0.618,0.61269,2000,11181642,11181642,9.11,0.038,"{""bs"": 64, ""epochs"": 100, ""lora_rank"": null, ""lr"": 0.002, ""max_steps"": 3000, ""min_steps"": 500, ""n_train"": 100, ""wd"": 0.0005}",Tesla T4,2026-09-30 20:29:54
scratch,resnet18_scratch,50,0,0.777,0.7723,2000,11181642,11181642,14.36,0.037,"{""bs"": 64, ""epochs"": 100, ""lora_rank"": null, ""lr"": 0.002, ""max_steps"": 3000, ""min_steps"": 500, ""n_train"": 500, ""wd"": 0.0005}",Tesla T4,2026-09-30 20:30:18
scratch,resnet18_scratch,50,1,0.789,0.78488,2000,11181642,11181642,14.43,0.038,"{""bs"": 64, ""epochs"": 100, ""lora_rank"": null, ""lr"": 0.002, ""max_steps"": 3000, ""min_steps"": 500, ""n_train"": 500, ""wd"": 0.0005}",Tesla T4,2026-09-30 20:30:41
scratch,resnet18_scratch,50,2,0.7405,0.73837,2000,11181642,11181642,14.41,0.038,"{""bs"": 64, ""epochs"": 100, ""lora_rank"": null, ""lr"": 0.002, ""max_steps"": 3000, ""min_steps"": 500, ""n_train"": 500, ""wd"": 0.0005}",Tesla T4,2026-09-30 20:31:04
scratch,resnet18_scratch,100,0,0.82,0.81897,2000,11181642,11181642,29.18,0.037,"{""bs"": 64, ""epochs"": 100, ""lora_rank"": null, ""lr"": 0.002, ""max_steps"": 3000, ""min_steps"": 500, ""n_train"": 1000, ""wd"": 0.0005}",Tesla T4,2026-09-30 20:31:42
scratch,resnet18_scratch,100,1,0.823,0.82101,2000,11181642,11181642,28.59,0.038,"{""bs"": 64, ""epochs"": 100, ""lora_rank"": null, ""lr"": 0.002, ""max_steps"": 3000, ""min_steps"": 500, ""n_train"": 1000, ""wd"": 0.0005}",Tesla T4,2026-09-30 20:32:20
scratch,resnet18_scratch,100,2,0.819,0.8182,2000,11181642,11181642,28.81,0.038,"{""bs"": 64, ""epochs"": 100, ""lora_rank"": null, ""lr"": 0.002, ""max_steps"": 3000, ""min_steps"": 500, ""n_train"": 1000, ""wd"": 0.0005}",Tesla T4,2026-09-30 20:32:57
scratch,resnet18_scratch,500,0,0.9305,0.93047,2000,11181642,11181642,53.97,0.038,"{""bs"": 64, ""epochs"": 100, ""lora_rank"": null, ""lr"": 0.002, ""max_steps"": 3000, ""min_steps"": 500, ""n_train"": 5000, ""wd"": 0.0005}",Tesla T4,2026-09-30 20:34:00
scratch,resnet18_scratch,500,1,0.914,0.91347,2000,11181642,11181642,53.9,0.052,"{""bs"": 64, ""epochs"": 100, ""lora_rank"": null, ""lr"": 0.002, ""max_steps"": 3000, ""min_steps"": 500, ""n_train"": 5000, ""wd"": 0.0005}",Tesla T4,2026-09-30 20:35:03
scratch,resnet18_scratch,500,2,0.917,0.91695,2000,11181642,11181642,53.94,0.052,"{""bs"": 64, ""epochs"": 100, ""lora_rank"": null, ""lr"": 0.002, ""max_steps"": 3000, ""min_steps"": 500, ""n_train"": 5000, ""wd"": 0.0005}",Tesla T4,2026-09-30 20:36:06
vlm_zero_shot,qwen3.5-0.8b,0,0,0.1265,0.06141,2000,852985920,0,0.0,67.935,"{""dtype"": ""torch.float16"", ""example_answers"": [""Forest\n"", ""Forest\n"", ""Forest\n"", ""Pasture\n"", ""Forest\n""], ""image_size"": 224, ""load_in_4bit"": false, ""model_id"": ""Qwen/Qwen3.5-0.8B"", ""parse_rate"": 1.0}",Tesla T4,2026-09-30 20:39:27
vlm_zero_shot,qwen3.5-2b,0,0,0.4635,0.41781,2000,2213241664,0,0.0,107.731,"{""dtype"": ""torch.float16"", ""example_answers"": [""HerbaceousVegetation\n"", ""HerbaceousVegetation\n"", ""Industrial\n"", ""Industrial\n"", ""Pasture\n""], ""image_size"": 224, ""load_in_4bit"": false, ""model_id"": ""Qwen/Qwen3.5-2B"", ""parse_rate"": 1.0}",Tesla T4,2026-09-30 20:44:04
vlm_zero_shot,qwen3.5-4b,0,0,0.5395,0.49466,2000,4539265536,0,0.0,219.566,"{""dtype"": ""torch.float16"", ""example_answers"": [""AnnualCrop\n"", ""Highway\n"", ""Highway\n"", ""PermanentCrop\n"", ""Highway\n""], ""image_size"": 224, ""load_in_4bit"": false, ""model_id"": ""Qwen/Qwen3.5-4B"", ""parse_rate"": 1.0}",Tesla T4,2026-09-30 20:54:15
vlm_zero_shot,qwen3.5-9b,0,0,0.5445,0.52033,2000,5724972272,0,0.0,360.358,"{""dtype"": ""torch.float16"", ""example_answers"": [""AnnualCrop\n"", ""HerbaceousVegetation\n"", ""AnnualCrop\n"", ""AnnualCrop\n"", ""AnnualCrop\n""], ""image_size"": 224, ""load_in_4bit"": true, ""model_id"": ""Qwen/Qwen3.5-9B"", ""parse_rate"": 1.0}",Tesla T4,2026-09-30 21:14:20
vlm_few_shot,qwen3.5-4b,1,0,0.5815,0.54341,2000,4539265536,0,0.0,1094.262,"{""dtype"": ""torch.float16"", ""example_answers"": [""AnnualCrop\n"", ""Highway\n"", ""AnnualCrop\n"", ""AnnualCrop\n"", ""AnnualCrop\n""], ""image_size"": 224, ""load_in_4bit"": false, ""model_id"": ""Qwen/Qwen3.5-4B"", ""parse_rate"": 1.0}",Tesla T4,2026-09-30 21:51:45
vlm_few_shot,qwen3.5-4b,1,1,0.559,0.50148,2000,4539265536,0,0.0,1076.392,"{""dtype"": ""torch.float16"", ""example_answers"": [""AnnualCrop\n"", ""Industrial\n"", ""AnnualCrop\n"", ""AnnualCrop\n"", ""Residential\n""], ""image_size"": 224, ""load_in_4bit"": false, ""model_id"": ""Qwen/Qwen3.5-4B"", ""parse_rate"": 1.0}",Tesla T4,2026-09-30 22:27:38
vlm_few_shot,qwen3.5-4b,1,2,0.5305,0.47777,2000,4539265536,0,0.0,1089.626,"{""dtype"": ""torch.float16"", ""example_answers"": [""AnnualCrop\n"", ""AnnualCrop\n"", ""AnnualCrop\n"", ""AnnualCrop\n"", ""AnnualCrop\n""], ""image_size"": 224, ""load_in_4bit"": false, ""model_id"": ""Qwen/Qwen3.5-4B"", ""parse_rate"": 1.0}",Tesla T4,2026-09-30 23:03:57
lora,dinov3_vitl16_sat,5,0,0.8095,0.80463,2000,305448970,2369546,95.9,11.702,"{""bs"": 32, ""epochs"": 10, ""lora_rank"": 16, ""lr"": 0.001, ""max_steps"": 600, ""min_steps"": 100, ""n_train"": 50, ""wd"": 0.0001}",Tesla T4,2026-10-01 01:46:20
lora,dinov3_vitl16_sat,5,1,0.826,0.82569,2000,305448970,2369546,97.32,11.543,"{""bs"": 32, ""epochs"": 10, ""lora_rank"": 16, ""lr"": 0.001, ""max_steps"": 600, ""min_steps"": 100, ""n_train"": 50, ""wd"": 0.0001}",Tesla T4,2026-10-01 01:48:26
lora,dinov3_vitl16_sat,5,2,0.828,0.82516,2000,305448970,2369546,97.59,11.557,"{""bs"": 32, ""epochs"": 10, ""lora_rank"": 16, ""lr"": 0.001, ""max_steps"": 600, ""min_steps"": 100, ""n_train"": 50, ""wd"": 0.0001}",Tesla T4,2026-10-01 01:50:31
lora,dinov3_vitl16_sat,50,0,0.959,0.95902,2000,305448970,2369546,195.07,11.553,"{""bs"": 32, ""epochs"": 10, ""lora_rank"": 16, ""lr"": 0.001, ""max_steps"": 600, ""min_steps"": 100, ""n_train"": 500, ""wd"": 0.0001}",Tesla T4,2026-10-01 01:54:14
lora,dinov3_vitl16_sat,50,1,0.9635,0.96347,2000,305448970,2369546,194.88,11.554,"{""bs"": 32, ""epochs"": 10, ""lora_rank"": 16, ""lr"": 0.001, ""max_steps"": 600, ""min_steps"": 100, ""n_train"": 500, ""wd"": 0.0001}",Tesla T4,2026-10-01 01:57:57
lora,dinov3_vitl16_sat,50,2,0.9635,0.96343,2000,305448970,2369546,195.58,11.563,"{""bs"": 32, ""epochs"": 10, ""lora_rank"": 16, ""lr"": 0.001, ""max_steps"": 600, ""min_steps"": 100, ""n_train"": 500, ""wd"": 0.0001}",Tesla T4,2026-10-01 02:01:40
lora,dinov3_vitl16_sat,500,0,0.984,0.98399,2000,305448970,2369546,744.43,11.549,"{""bs"": 32, ""epochs"": 10, ""lora_rank"": 16, ""lr"": 0.001, ""max_steps"": 600, ""min_steps"": 100, ""n_train"": 5000, ""wd"": 0.0001}",Tesla T4,2026-10-01 02:14:32
lora,dinov3_vitl16_sat,500,1,0.9865,0.9865,2000,305448970,2369546,743.54,11.543,"{""bs"": 32, ""epochs"": 10, ""lora_rank"": 16, ""lr"": 0.001, ""max_steps"": 600, ""min_steps"": 100, ""n_train"": 5000, ""wd"": 0.0001}",Tesla T4,2026-10-01 02:27:23
lora,dinov3_vitl16_sat,500,2,0.9855,0.9855,2000,305448970,2369546,744.99,11.575,"{""bs"": 32, ""epochs"": 10, ""lora_rank"": 16, ""lr"": 0.001, ""max_steps"": 600, ""min_steps"": 100, ""n_train"": 5000, ""wd"": 0.0001}",Tesla T4,2026-10-01 02:40:16
vlm_lora,qwen3.5-2b,5,0,0.613,0.56451,2000,2230060864,16819200,39.2,134.752,"{""dtype"": ""torch.float16"", ""epochs"": 2, ""example_answers"": [""Highway\n"", ""AnnualCrop\n"", ""Highway\n"", ""PermanentCrop\n"", ""AnnualCrop\n""], ""load_in_4bit"": false, ""lora_rank"": 16, ""lr"": 0.0002, ""model_id"": ""Qwen/Qwen3.5-2B"", ""n_train"": 50, ""parse_rate"": 1.0}",Tesla T4,2026-10-01 02:46:24
vlm_lora,qwen3.5-2b,5,1,0.5195,0.46813,2000,2230060864,16819200,35.46,139.517,"{""dtype"": ""torch.float16"", ""epochs"": 2, ""example_answers"": [""Highway\n"", ""River\n"", ""River\n"", ""PermanentCrop\n"", ""River\n""], ""load_in_4bit"": false, ""lora_rank"": 16, ""lr"": 0.0002, ""model_id"": ""Qwen/Qwen3.5-2B"", ""n_train"": 50, ""parse_rate"": 1.0}",Tesla T4,2026-10-01 02:51:45
vlm_lora,qwen3.5-2b,5,2,0.489,0.42659,2000,2230060864,16819200,34.23,131.744,"{""dtype"": ""torch.float16"", ""epochs"": 2, ""example_answers"": [""River\n"", ""AnnualCrop\n"", ""River\n"", ""AnnualCrop\n"", ""River\n""], ""load_in_4bit"": false, ""lora_rank"": 16, ""lr"": 0.0002, ""model_id"": ""Qwen/Qwen3.5-2B"", ""n_train"": 50, ""parse_rate"": 1.0}",Tesla T4,2026-10-01 02:56:48
vlm_lora,qwen3.5-2b,50,0,0.8845,0.88438,2000,2230060864,16819200,341.93,133.514,"{""dtype"": ""torch.float16"", ""epochs"": 2, ""example_answers"": [""AnnualCrop\n"", ""AnnualCrop\n"", ""AnnualCrop\n"", ""AnnualCrop\n"", ""AnnualCrop\n""], ""load_in_4bit"": false, ""lora_rank"": 16, ""lr"": 0.0002, ""model_id"": ""Qwen/Qwen3.5-2B"", ""n_train"": 500, ""parse_rate"": 1.0}",Tesla T4,2026-10-01 03:07:03
vlm_lora,qwen3.5-2b,50,1,0.8835,0.88335,2000,2230060864,16819200,340.75,132.16,"{""dtype"": ""torch.float16"", ""epochs"": 2, ""example_answers"": [""AnnualCrop\n"", ""AnnualCrop\n"", ""AnnualCrop\n"", ""AnnualCrop\n"", ""AnnualCrop\n""], ""load_in_4bit"": false, ""lora_rank"": 16, ""lr"": 0.0002, ""model_id"": ""Qwen/Qwen3.5-2B"", ""n_train"": 500, ""parse_rate"": 1.0}",Tesla T4,2026-10-01 03:17:14
vlm_lora,qwen3.5-2b,50,2,0.871,0.87157,2000,2230060864,16819200,341.26,137.886,"{""dtype"": ""torch.float16"", ""epochs"": 2, ""example_answers"": [""AnnualCrop\n"", ""AnnualCrop\n"", ""AnnualCrop\n"", ""AnnualCrop\n"", ""AnnualCrop\n""], ""load_in_4bit"": false, ""lora_rank"": 16, ""lr"": 0.0002, ""model_id"": ""Qwen/Qwen3.5-2B"", ""n_train"": 500, ""parse_rate"": 1.0}",Tesla T4,2026-10-01 03:27:37
